{"cameraMode":{"drawMode":0,"name":"Shaded","section":"Shading Mode"},"sceneLighting":true,"audioPlay":false,"sceneViewState":{"m_AlwaysRefresh":false,"showFog":true,"showSkybox":true,"showFlares":true,"showImageEffects":true,"showParticleSystems":true,"showVisualEffectGraphs":true,"m_FxEnabled":true},"in2DMode":false,"pivot":{"x":205.47528076171876,"y":25.21953582763672,"z":228.85008239746095},"rotation":{"x":0.11099932342767716,"y":-0.21729862689971925,"z":0.024880096316337587,"w":0.9694567918777466},"size":3.024744987487793,"orthographic":false}