{"cameraMode":{"drawMode":0,"name":"Shaded","section":"Shading Mode"},"sceneLighting":true,"audioPlay":false,"sceneViewState":{"m_AlwaysRefresh":false,"showFog":true,"showSkybox":true,"showFlares":true,"showImageEffects":true,"showParticleSystems":true,"showVisualEffectGraphs":true,"m_FxEnabled":true},"in2DMode":false,"pivot":{"x":-0.4731025695800781,"y":2.1147570610046388,"z":-0.803645133972168},"rotation":{"x":-0.06540556997060776,"y":0.9121221303939819,"z":-0.16062165796756745,"w":-0.37141749262809756},"size":10.365612983703614,"orthographic":false}